0,0.00306192,0,0,0.000243605,0,0,0.066666667,0,0.087362447,0.035714286,0.000193911,0.116618076,0.047579828,442,4041,7,106,0.142857143,0.000193911,0.772200226,0.268709137,1355,10096,45,360,1
0.109171,0.0137722,0,0,0.066568771,0,0,0.2,0,0.214508794,0.035714286,0.018356926,0.025145773,0.002977699,378,1288,2,13,0.964285714,0.314459311,0.698250729,0.249493158,3742,20315,53,343,1
0.218702,0,1,0,1,0,0,0.16,0,0.250581882,0.964285714,0.296102385,0.003765792,0,2071,11786,27,92,0.964285714,0.296296296,0.629494655,0.215154587,3202,19007,37,267,1
0.175831,0.0398209,0,0,0.00137741,0,0,0.1,0,0.103871228,0.035714286,0,0.049684159,0.096616827,25,722,3,16,0.071428571,0,0.656462585,0.311771414,1147,6114,13,170,1
0,0.0894071,0,0,0.119512396,0,0,0.1,0,0.118444304,0.964285714,0.296102385,0.003765792,0,2071,11786,27,92,0.964285714,0.357055135,0.395894072,0.105043082,3776,20552,70,403,1
0,0.0161961,0,0,0.080755323,0,0,0.125,0,0.141721062,0.071428571,0,0.135568513,0.026039027,182,1144,4,42,0.107142857,0,0.2654276,0.071718196,775,2690,15,110,1
0.155359,0.169126,0,0,0,0,0,0,0,0,0,0,0.215379009,0,1464,1774,1,3,0,6.46E-05,0.266034985,0.002534212,2040,2584,1,4,1
0.347706,0,0,0,0,0,0,0,0,0.000367877,0,0,0.001938689,0.00021742,24,51,0,1,0.103448276,6.46E-05,0.409790379,0.181980258,1089,5529,19,111,1
0,0.221404,1,0,1,0,0,0.166666667,0,0.182288518,0.033333333,0,0.177599611,0.020907248,102,1560,7,60,0.533333333,0.051386465,0.958531887,0.506381449,5301,27411,33,400,1
0.684205,0.530885,1,0,1,0,0,0.166666667,0,0.194051594,0.033333333,0,0.000202778,0,4,5,1,1,0.466666667,0.047702152,0.431410321,0.110506921,1576,8001,13,79,1
0.0792603,0.153064,0,0,0.02245509,0,0,0.0625,0,0.082847237,0.4,0.06095275,0.001214772,0,400,1100,10,27,0.766666667,0.112145304,0.710838487,0.146458745,1922,13648,22,148,1
0.603426,0.0631073,0,0,0.001777778,0,0,0.03030303,0,0.055090308,0.166666667,6.46E-05,0.000485909,0.000696908,18,27,5,9,0.666666667,0.25395902,0.978809693,0.547321589,6397,33946,43,343,1
0.387799,0.00672926,0,0,0.000254453,0,0,0.142857143,0,0.161469422,0.964285714,0.296102385,0.003765792,0,2071,11786,27,92,0.964285714,0.315881326,0.216204751,0.054087643,2725,15143,44,190,1
1,0.970285,1,0,1,0,0,0.083333333,0,0.092340918,0.035714286,0,0.000282805,0,5,7,1,1,0.178571429,0.018874022,0.757635747,0.274328632,1697,11945,29,319,1
0.658015,0,0,0,0.00204165,0,0,0.12,0,0.158258536,0.035714286,0,0.629008746,0.215154587,1122,5392,10,154,0.964285714,0.343933812,0.659013605,0.215217942,3735,27175,46,313,1
0.361055,0.0181351,0,0,0.000882515,0,0,0.2,0,0.25932159,0.035714286,0,0.629008746,0.215154587,1122,5392,10,154,0.964285714,0.343933812,0.659013605,0.215217942,3735,27175,46,313,1
0,0.0586841,1,0,1,0,0,0.133333333,0,0.140079807,0.035714286,0.002003749,0.000485909,0,72,152,1,1,0.964285714,0.298170771,0.674076774,0.261784085,4221,22052,58,403,1
0.262184,0.364752,0,0,0,0,0,0.066666667,0,0.083638177,0.071428571,0.000452459,0.015306122,0.003167765,241,434,7,22,0.142857143,0.000711008,0.737609329,0.287759757,2270,14603,40,430,1
0,0,0,0,0.066568771,0,0,0.2,0,0.214508794,0.035714286,0.018356926,0.025145773,0.002977699,378,1288,2,13,0.964285714,0.314459311,0.698250729,0.249493158,3742,20315,53,343,1
0,0,1,0,1,0,0,0.16,0,0.250581882,0.964285714,0.296102385,0.003765792,0,2071,11786,27,92,0.964285714,0.296296296,0.629494655,0.215154587,3202,19007,37,267,1
0,0,0,0,0.066568771,0,0,0.026666667,0,0.037242016,0.035714286,0.018356926,0.025145773,0.002977699,378,1288,2,13,0.178571429,0.024755995,0.806243926,0.342815509,3123,17888,58,552,1
0.241631,0.0118092,1,0,1,0,0,0.066666667,0,0.081126225,0.964285714,0.296102385,0.003765792,0,2071,11786,27,92,0.964285714,0.314588585,0.66095724,0.233464268,3735,19502,41,299,1
0,0,0,0,0.00204165,0,0,0.125,0,0.211146012,0.035714286,0,0.629008746,0.215154587,1122,5392,10,154,0.964285714,0.296296296,0.679664723,0.241193614,3404,20297,41,309,1
0,0,1,0,1,0,0,0.125,0,0.128211709,0.035714286,0.003167216,0.000242954,6.34E-05,64,157,1,2,0.071428571,0.00329649,0.658649174,0.230549924,1349,6334,13,185,1
0,0.0144588,1,0,1,0,0,0.083333333,0,0.097885184,0.964285714,0.296102385,0.003765792,0,2071,11786,27,92,0.964285714,0.296102385,0.69047619,0.248479473,3723,22154,55,420,1
0.247316,0.245577,0,0,0,0,0,0,0,0.001213734,0,0,0.000121477,0,1,1,0,0,0.071428571,0,0.691569485,0.236505322,1608,8032,37,294,1
0.823162,0.0632709,1,0,1,0,0,0.125,0,0.12609764,0.964285714,0.296102385,0.003765792,0,2071,11786,27,92,0.964285714,0.296102385,0.688046647,0.236061835,3296,18745,44,306,1
0.0585631,0.116867,0,0,0.000169693,0,0,0.083333333,0,0.108624978,0.964285714,0.296102385,0.003765792,0,2071,11786,27,92,0.964285714,0.296102385,0.679664723,0.241193614,3375,18322,41,288,1
0.318466,0.193751,1,0,1,0,0,0.166666667,0,0.175159425,0.035714286,0.005752699,0.003401361,0.000760264,215,402,2,13,0.071428571,0.005881973,0.199101069,0.024961987,431,2259,9,84,1
0.685164,0.0339756,0,0,0,0,0,0.05,0,0.058462233,0,0,0.00728863,0.000950329,45,75,1,4,0.25,0.005558787,0.816448008,0.347567157,2970,19310,69,643,1
0,0.0945972,0,0,0.0142604,0,0,0.083333333,0,0.090049199,0.964285714,0.296102385,0.003765792,0,2071,11786,27,92,0.964285714,0.296102385,0.378158406,0.092625443,2948,16036,49,262,1
0,0,0,0,0.000636537,0,0,0.125,0,0.13570936,0.107142857,0,0.153911565,0.045679169,593,1546,11,68,0.107142857,0,0.2654276,0.071718196,775,2690,15,110,1
0,0.0600909,0,0,0.080755323,0,0,0.0625,0,0.083425126,0.071428571,0,0.135568513,0.026039027,182,1144,4,42,0.142857143,0,0.715621963,0.286999493,1904,8099,25,264,1
0.385558,0.0170515,0,0,0,0,0,0,0,0.000728405,0.071428571,0,0.135568513,0.026039027,182,1144,4,42,0.107142857,0,0.679543246,0.241193614,1304,6536,14,196,1
0.176759,0.023957,0,0,0,0,0,0.023809524,0,0.036133078,0,0,0.000121477,0,7,9,2,4,0.074074074,0.000193911,0.760932945,0.33445261,2347,12139,34,375,1
0,0.395754,0,0,0,0,0,0,0,0.013568894,0.148148148,0.016159266,0.000364431,0,197,889,3,18,0.259259259,0.055329326,0.747570457,0.313735428,2687,11453,41,351,1
0,0.0845156,0,0,0.004319654,0,0,0.041666667,0,0.05142639,0,0,0.000485909,0,1,4,0,0,0.222222222,0.20819598,0.715379009,0.270907248,2466,11292,24,252,1
0.738659,0.30567,0,0,0,0,0,0,0,0.00048593,0,6.46E-05,0.003644315,0.008046123,21,32,1,1,0,6.46E-05,0.679907677,0.249239736,1325,6568,15,197,1
0.61609,0.287055,0,0,0,0,0,0,0,0.000546769,0,6.46E-05,0.003644315,0.008046123,21,32,1,1,0,6.46E-05,0.679907677,0.249239736,1325,6568,15,197,1
0,0.0759525,0,0,0,0,0,0,0,0.031390647,0,0,0.135568513,0.026039027,182,1144,4,42,0.074074074,0,0.774295432,0.295425748,1936,13072,39,430,1
0,0.0450175,0,0,0,0,0,0.03125,0,0.037152788,0,0,0.00085034,0.000570198,7,7,0,0,0.185185185,0.064766337,0.409620991,0.183983781,3050,11021,22,156,1
0,0.0434977,0,0,0,0,0,0.041666667,0,0.045121201,0,0,0.00085034,0.000570198,7,7,0,0,0.185185185,0.064766337,0.409620991,0.183983781,3050,11021,22,156,1
0,0,0,0,0.000904159,0,0,0.020833333,0,0.032612025,0,0,0.00085034,0.000570198,7,7,0,0,0.185185185,0.064766337,0.409620991,0.183983781,3050,11021,22,156,1
0,0.123132,0,0,0,0,0,0,0,0.000394953,0,0,0.000728863,6.34E-05,37,54,1,3,0,0.000387822,0.266885326,0.215408008,381,2895,8,58,1
0,0.0280775,0,0,0,0,0,0,0,0.000712755,0,0,0.000242954,0,2,2,0,0,0.074074074,0.000323185,0.603984451,0.132095793,3119,14965,52,453,1
0.443813,0.119353,1,0,1,0,0,0.25,0,0.251406367,0.222222222,0.202184733,0.001336249,0,1021,2873,3,15,0.222222222,0.202184733,0.273080661,0.046946275,1310,5595,14,117,1
0,0.183657,0,0,0,0,0,0,0,0.000410077,0,0,0.215379009,0,1464,1774,1,3,0,0,0.810009718,0.241193614,2768,8311,15,199,1
0.156792,0.178769,0,0,0,0,0,0,0,0.000540871,0,0,0.215379009,0,1464,1774,1,3,0.107142857,0,0.819484937,0.237582362,2921,9334,23,239,1
0,0.156608,0,0,0,0,0,0,0,0.000733013,0,6.46E-05,0.087463557,0.000950329,575,771,0,1,0,0.000258548,0.180029155,0.048530157,1017,4812,7,107,1
0,0,0,0,0,0,0,0,0,0.001011719,0,6.46E-05,0.087463557,0.000950329,575,771,0,1,0,0.000129274,0.118440233,0.012544349,608,1411,0,13,1
0.162494,0.187677,0,0,0,0,0,0,0,0,0,0,0.215379009,0,1464,1774,1,3,0,0,0.235058309,0.132285859,1485,2464,1,6,1
0,0.0395476,0,0,0.000511247,0,0,0.166666667,0,0.235663817,0.037037037,0,0.003279883,0.000316776,253,1913,3,17,0.296296296,0.000387822,0.771719375,0.253293908,1196,9771,11,125,1
0,0.315973,1,0,1,0,0,0.166666667,0,0.190881073,0.259259259,0.047702152,0.000607386,6.34E-05,538,3681,9,50,0.259259259,0.047702152,0.02496062,0.004696265,593,3876,9,51,1
0,0.0298441,0,0,0.000184026,0,0,0.047619048,0,0.067217066,0.296296296,0.000258548,0.002308066,0.000823619,764,5380,8,93,0.296296296,0.000323185,0.836665455,0.34730617,1864,12046,27,224,1
0,0.0770104,0,0,0.000371609,0,0,0.079365079,0,0.15468019,0,0,0.000242336,0,3,4,0,0,0.888888889,0.342447159,0.687871077,0.179849546,3835,24011,37,266,1
0.0426407,0,0,0,0.000227635,0,0,0.071428571,0,0.113459547,0,0,0.1536411,0.037048311,310,1396,7,39,0.296296296,0.000452459,0.853628983,0.385398095,2221,14126,34,252,1
0,0.0558155,0,0,0.000181686,0,0,0.05,0,0.07139586,0.296296296,0.000258548,0.002308066,0.000823619,764,5380,8,93,0.296296296,0.000323185,0.837271295,0.348306301,1930,12140,32,229,1
0,0,0,0,0.000227635,0,0,0.035714286,0,0.070500256,0,0,0.1536411,0.037048311,310,1396,7,39,0.296296296,0.000387822,0.707500303,0.217897987,1261,9278,15,147,1
0.284333,0.849738,0,0,0.000127722,0,0,0.012820513,0,0.027569965,0,0,0.007531584,0.001013685,938,3875,36,128,0.296296296,0.000581734,0.94317218,0.54367961,4695,26228,85,499,1
0,0.0248449,0,0,0.000181686,0,0,0.066666667,0,0.094888613,0.296296296,0.000258548,0.002308066,0.000823619,764,5380,8,93,0.296296296,0.000323185,0.836665455,0.34730617,1864,12046,27,224,1
0,0.185229,0,0,0,0,0,0.037037037,0,0.048179663,0,0,0.000121168,0,1,1,0,0,0.724137931,0.019972852,0.732582091,0.244336218,1423,9522,15,146,1
0.251215,0,0,0,0,0,0,0,0,0.001984759,0,0,0.000971817,0.000443487,13,19,0,0,0.551724138,0.002908668,0.893008603,0.432099839,2797,17142,41,311,1
0,0.12702,0,0,0.119512396,0,0,0.071428571,0,0.114674789,0.689655172,0.019714304,0.000565611,5.40E-05,341,1806,2,31,0.724137931,0.020037489,0.849024597,0.384397965,2530,15269,36,295,1
0,0.246911,0,0,0.234693063,0,0,0.05,0,0.078347666,0.793103448,0.296102385,0.003765792,0,2071,11786,27,92,0.931034483,0.303729559,0.704228765,0.183850067,3205,20207,37,238,1
0,0.0235304,0,0,0,0,0,0.041666667,0,0.064473649,0,0,0.000969344,0,6,8,0,0,0.413793103,0.000581734,0.885617351,0.421576727,2170,14111,30,245,1
0,0.0614852,0,0,0.000227635,0,0,0.05,0,0.077423502,0,0,0.1536411,0.037048311,310,1396,7,39,0.413793103,0.000387822,0.707621471,0.216897856,2254,13749,18,197,1
0.466713,0.3821,0,0,0,0,0,0,0,0.000108533,0,0,0.000121168,0,1,1,0,0,0,0,0.225614928,0.073487846,254,1914,3,17,1
0,0.271041,0,0,0.000442022,0,0,0.035714286,0,0.065659265,0.103448276,0,0.00255102,0.000316776,132,1794,0,26,0.551724138,0.000452459,0.885253847,0.421881115,2174,14162,30,249,1
0.213016,0.0138219,0,0,0.004400725,0,0,0.071428571,0,0.073775326,0.689655172,0.047702152,0.000607386,6.34E-05,538,3681,9,50,0.896551724,0.048283886,0.750878468,0.209679523,1800,11845,26,202,1
0,0.0258185,0,0,0.000511247,0,0,0.035714286,0,0.079628488,0,0,0.003279883,0.000316776,253,1913,3,17,0.413793103,0.000323185,0.85568884,0.396182111,1986,12167,30,215,1
0.534514,0.0597432,0,0,0.015151515,0,0,0,0,0.002618989,0,0,0.000121168,0,2,2,0,0,0.413793103,0.000258548,0.723857991,0.227638388,1019,7295,11,110,1
0,0.0084048,0,0,0,0,0,0,0,0.002120281,0.103448276,6.46E-05,0.004980564,0.000950329,968,4872,19,105,0.413793103,0.000323185,0.880164789,0.393355655,3224,17653,64,371,1
0.324824,0.18429,0,0,0.000735429,0,0,0.08,0,0.108409024,0.413793103,0.000258548,0.002308066,0.000823619,764,5380,8,93,0.413793103,0.000452459,0.869623167,0.348349785,1912,18925,27,230,1
0,0.18298,0,0,0,0,0,0.041666667,0,0.056759002,0,0,0.000848176,0,6,7,0,0,0.413793103,0.000387822,0.687871077,0.179806062,949,7869,8,108,1
0.445564,0,0,0,0.003507541,0,0,0,0,0.000817065,0.413793103,0.000258548,0.002308066,0.000823619,764,5380,8,93,0.413793103,0.000452459,0.846722404,0.365004131,1962,13136,29,218,1
0.163339,0.173257,1,0,1,0,0,0.133333333,0,0.141784913,0.068965517,0,0.001336249,0,84,114,4,4,0.448275862,0.000258548,0.727008361,0.172631213,998,6792,13,116,1
0.250383,0.127785,0,0,0.002564103,0,0,0,0,0.001442363,0.034482759,0,0.032230704,0.007914076,48,277,0,2,0.448275862,0.000323185,0.889494729,0.422576858,2183,13740,31,236,1
0.0565487,0.0141866,0,0,0.000953289,0,0,0.016666667,0,0.019339731,0.034482759,0,0.032230704,0.007914076,48,277,0,2,0.448275862,0.000323185,0.889494729,0.422576858,2183,13740,31,236,1
0,0.0168735,0,0,0.000478774,0,0,0.028571429,0,0.03253158,0.413793103,0.000258548,0.002308066,0.000823619,764,5380,8,93,0.551724138,0.000258548,0.794862474,0.25320694,1223,8734,12,135,1
0,0.00371531,0,0,0.030178326,0,0,0,0,0.00623643,0.2,0.005752699,0.003401361,0.000760264,215,402,2,13,0.366666667,0.008079633,0.837150127,0.352567726,2199,12769,29,246,1
0.481259,0.1782,0,0,0.01627573,0,0,0.25,0,0.319319593,0.206896552,0.039105423,0.000364431,0,446,1368,3,23,0.206896552,0.039105423,0.000727008,0,446,1368,3,23,1
0,0.0810561,0,0,0,0,0,0,0,0.000153077,0,0,0.001938689,0.00021742,24,51,0,1,0,0,0.074276021,0.013436535,121,657,0,6,1
0,0.0186258,0,0,0,0,0,0,0,0.001674012,0,0,0.000607386,6.34E-05,42,109,0,0,0.413793103,0.000581734,0.907064098,0.450493543,2786,17330,31,291,1
0.390955,0.197006,0,0,0,0,0,0,0,0.000325123,0.103448276,0,0.00085034,6.34E-05,150,1298,1,19,0.206896552,6.46E-05,0.526111717,0.218941601,1402,8133,23,131,1
0.512281,0.161117,0,0,0,0,0,0,0,0.000325123,0.103448276,0,0.00085034,6.34E-05,150,1298,1,19,0.206896552,6.46E-05,0.526111717,0.218941601,1402,8133,23,131,1
0.344632,0.0977668,1,0,1,0,0,0.166666667,0,0.174658328,0.4,0.06095275,0.001214772,0,400,1100,10,27,0.4,0.061017387,0.381437053,0.169761273,1389,6013,29,132,1
0.501516,0.0454297,0,0,0.000617665,0,0,0.2,0,0.223936359,0.1,0.000258548,0.002308066,0.000823619,764,5380,8,93,0.433333333,0.061275936,0.824912153,0.33713093,2250,11999,37,230,1
0.598648,0.0428465,1,0,1,0,0,0.2,0,0.240989345,0.4,0.06095275,0.001214772,0,400,1100,10,27,0.433333333,0.061275936,0.837755968,0.34852372,2285,13187,37,251,1
0,0.185091,0,0,0.00132903,0,0,0.022222222,0,0.0245999,0,6.46E-05,0.004980564,0.000950329,968,4872,19,105,0.2,0.006528343,0.645462256,0.265078054,2339,12640,30,205,1
0.0885868,0,0,0,0.000731128,0,0,0.046875,0,0.069770701,0,0,0.00255102,0.000316776,132,1794,0,26,0.566666667,0.04841316,0.909123955,0.441057529,2834,19111,41,312,1
0,0,0,0,0.000554324,0,0,0.041666667,0,0.058930714,0,0,0.00255102,0.000316776,132,1794,0,26,0.566666667,0.04841316,0.909123955,0.441057529,2834,19111,41,312,1
0,0.00854545,0,0,0.004366323,0,0,0.04,0,0.064487829,0.166666667,0.003490401,0.000728863,0.000126711,976,5290,3,57,0.333333333,0.009307737,0.90175403,0.397087902,3429,18860,14,221,1
0.324321,0,1,0,1,0,0,0.166666667,0,0.231392668,0.166666667,0.003490401,0.000728863,0.000126711,976,5290,3,57,0.166666667,0.003555038,0.773395519,0.225103361,1235,11019,4,83,1
0.311447,0.0278407,1,0,1,0,0,0.166666667,0,0.186954995,0.166666667,0.019714304,0.000565611,5.40E-05,341,1806,2,31,0.166666667,0.019908215,0.870120653,0.360506921,2904,13294,6,110,1
0,0,1,0,1,0,0,0.066666667,0,0.077271606,0.166666667,6.46E-05,0.000485909,0.000696908,18,27,5,9,0.433333333,0.009113826,0.93004157,0.39758224,2649,16993,11,149,1
0.21148,0,0,0,0.000139373,0,0,0,0,0.000606449,0,0.000193911,0.000364431,0,1529,7173,1,51,0.166666667,0.003684313,0.971915239,0.506471328,3562,20377,7,153,1
0.848082,0.421515,0,0,0,0,0,0.027777778,0,0.045790497,0,0,0.019144553,0.002043745,50,160,2,2,0.266666667,0.003942861,0.931461016,0.400233687,4241,24587,32,328,1
0,0.179821,0,0,0.371972699,0,0,0.066666667,0,0.136241482,0,0.000193911,0.000364431,0,1529,7173,1,51,0.166666667,0.00374895,0.98327081,0.585610282,3798,22507,8,162,1
0.0593231,0.134657,0,0,0.02245509,0,0,0.05,0,0.058951944,0.4,0.06095275,0.001214772,0,400,1100,10,27,0.566666667,0.064507789,0.8558248,0.258358799,2436,14309,21,135,1
0,0,0,0,0.00169512,0,0,0.142857143,0,0.144646919,0,0.000193911,0.000364431,0,1529,7173,1,51,0.533333333,0.0647017,0.983676366,0.59230631,4289,23894,18,192,1
0.0982789,0.00129818,0,0,0.010258584,0,0,0.017857143,0,0.021056852,0.066666667,0.001874475,0.000485909,0.000190066,52,130,0,3,0.233333333,0.005623424,0.985501369,0.670905986,4107,23523,8,166,1
0.390376,0.0987388,1,0,1,0,0,0.25,0,0.252551238,0.4,0.06095275,0.001214772,0,400,1100,10,27,0.533333333,0.064637063,0.930244348,0.396458745,2913,17140,14,149,1
0.0528826,0.208001,0,0,0.02245509,0,0,0.09375,0,0.127237579,0.4,0.06095275,0.001214772,0,400,1100,10,27,0.833333333,0.151250727,0.521950725,0.146234046,2360,11439,25,157,1
0.113241,0.219728,0,0,0.001079914,0,0,0.022727273,0,0.031086351,0.166666667,6.46E-05,0.000485909,0.000696908,18,27,5,9,0.666666667,0.25395902,0.978809693,0.547321589,6397,33946,43,343,1
0,0.0288212,0,0,0.005507474,0,0,0,0,0.006908639,0.166666667,0.003490401,0.000728863,0.000126711,976,5290,3,57,0.166666667,0.00374895,0.980736084,0.580307388,3827,22300,8,170,1
0.362824,0.0673598,0,0,0.006700168,0,0,0.00952381,0,0.011396253,0.2,0.005752699,0.003401361,0.000760264,215,402,2,13,0.2,0.006140521,0.823583088,0.330352328,2016,13347,4,90,1
0,0.00579239,0,0,0.003219575,0,0,0.055555556,0,0.064629202,0,0,0.002672498,0.000316776,123,458,0,8,0.533333333,0.064637063,0.93206935,0.408053209,3100,17724,14,158,1
0,0.14311,0,0,0.000346021,0,0,0.071428571,0,0.076160139,0,0,0.000364431,0,12,18,0,0,0.3,0.205804408,0.706478759,0.301815567,2569,12431,8,109,1
0,0.00335477,0,0,0,0,0,0.017857143,0,0.020928432,0,0,0.000101389,0,1,1,0,0,0.233333333,0.005623424,0.595153604,0.185511415,1415,7235,3,77,1
0,0.102394,0,0,0.001040944,0,0,0.083333333,0,0.089763176,0.166666667,0.202184733,0.001336249,0,1021,2873,3,15,0.3,0.207678883,0.940383251,0.463733597,3884,21307,9,161,1
0.0656127,0.157084,1,0,1,0,0,0.066666667,0,0.082441706,0.033333333,0,0.00085034,0,197,519,5,22,0.666666667,0.296167022,0.886318898,0.418448439,4459,23041,156,542,1
0,0.00250818,0,0,0.000243605,0,0,0.066666667,0,0.087362447,0.035714286,0.000193911,0.116618076,0.047579828,442,4041,7,106,0.142857143,0.000193911,0.772200226,0.268709137,1355,10096,45,360,0
0,0.0159485,0,0,0.000243605,0,0,0.066666667,0,0.087362447,0.035714286,0.000193911,0.116618076,0.047579828,442,4041,7,106,0.142857143,0.000193911,0.772200226,0.268709137,1355,10096,45,360,0
0,0.0605886,0,0,0.000243605,0,0,0.066666667,0,0.087362447,0.035714286,0.000193911,0.116618076,0.047579828,442,4041,7,106,0.142857143,0.000193911,0.772200226,0.268709137,1355,10096,45,360,0
0,0,0,0,0.000152358,0,0,0,0,0.000597598,0,0.000258548,0.000364431,0.000126711,254,1343,0,9,0,0.004007498,0.979215249,0.615405357,4044,20273,8,157,0
0,0,0,0,0.000152358,0,0,0,0,0.000497998,0,0.000258548,0.000364431,0.000126711,254,1343,0,9,0,0.004007498,0.979215249,0.615405357,4062,20324,8,157,0
0,0,0,0,0.000223514,0,0,0,0,0.00019604,0,6.46E-05,0.00085034,0.001393817,186,1639,1,17,0.107142857,0.000258548,0.933590186,0.440724429,3633,19934,28,222,0
0,0.0832559,1,0,1,0,0,0.05,0,0.064859677,0.964285714,0.296102385,0.003765792,0,2071,11786,27,92,0.964285714,0.296102385,0.688046647,0.236061835,3296,18745,44,306,0
0.0441226,0.0704606,1,0,1,0,0,0.066666667,0,0.085989303,0.964285714,0.296102385,0.003765792,0,2071,11786,27,92,0.964285714,0.296102385,0.679664723,0.241193614,3375,18322,41,288,0
0,0.0159645,1,0,1,0,0,0.04,0,0.058843773,0.964285714,0.296102385,0.003765792,0,2071,11786,27,92,0.964285714,0.314588585,0.66095724,0.233464268,3735,19502,41,299,0
0,0.044429,0,0,0.00137741,0,0,0.1,0,0.103871228,0.035714286,0,0.049684159,0.096616827,25,722,3,16,0.071428571,0,0.656462585,0.311771414,1147,6114,13,170,0
0,0.0490608,0,0,0.00137741,0,0,0.1,0,0.103871228,0.035714286,0,0.049684159,0.096616827,25,722,3,16,0.071428571,0,0.656462585,0.311771414,1147,6114,13,170,0
0,0,0,0,0.00137741,0,0,0.1,0,0.103871228,0.035714286,0,0.049684159,0.096616827,25,722,3,16,0.071428571,0,0.656462585,0.311771414,1147,6114,13,170,0
0,0.162679,0,0,0.119512396,0,0,0.1,0,0.12926863,0.964285714,0.296102385,0.003765792,0,2071,11786,27,92,0.964285714,0.303729559,0.704228765,0.183850067,3205,20207,37,238,0
0,0.0893554,0,0,0.119512396,0,0,0.1,0,0.125548837,0.964285714,0.296102385,0.003765792,0,2071,11786,27,92,0.964285714,0.301467261,0.694120505,0.242143943,3497,19820,46,325,0
0,0.00765788,0,0,0.119512396,0,0,0.1,0,0.123685712,0.964285714,0.296102385,0.003765792,0,2071,11786,27,92,0.964285714,0.314588585,0.66095724,0.233464268,3735,19502,41,299,0
0,0.016688,0,0,0.080755323,0,0,0.125,0,0.141721062,0.071428571,0,0.135568513,0.026039027,182,1144,4,42,0.107142857,0,0.2654276,0.071718196,775,2690,15,110,0
0,0.0146667,0,0,0.080755323,0,0,0.125,0,0.141721062,0.071428571,0,0.135568513,0.026039027,182,1144,4,42,0.107142857,0,0.2654276,0.071718196,775,2690,15,110,0
0,0.0264769,0,0,0.080755323,0,0,0.125,0,0.141721062,0.071428571,0,0.135568513,0.026039027,182,1144,4,42,0.107142857,0,0.2654276,0.071718196,775,2690,15,110,0
0,0.0486175,0,0,0,0,0,0,0,0,0,0,0.215379009,0,1464,1774,1,3,0,6.46E-05,0.265913508,0.002787633,2049,2610,1,4,0
0,0.076317,0,0,0,0,0,0,0,0,0,0,0.215379009,0,1464,1774,1,3,0,6.46E-05,0.265913508,0.000950329,2039,2545,1,4,0
0,0.0372147,0,0,0,0,0,0,0,0,0,0,0.215379009,0,1464,1774,1,3,0,6.46E-05,0.265913508,0.000950329,2039,2545,1,4,0
0.0375886,0.0395884,0,0,0,0,0,0,0,0.000367877,0,0,0.001938689,0.00021742,24,51,0,1,0.103448276,6.46E-05,0.409790379,0.181980258,1089,5529,19,111,0
0,0,0,0,0,0,0,0,0,0.000275908,0,0,0.004846722,0.00121755,21,41,0,0,0.103448276,6.46E-05,0.4116079,0.182980389,1087,5521,19,110,0
0,0.0244128,0,0,0,0,0,0,0,0.000296619,0,0,0.000282805,0,10,47,0,0,0.103448276,6.46E-05,0.410275051,0.183937035,1080,5535,19,110,0
0,0.0172251,0,0,0.002071108,0,0,0,0,0.002861511,0,0.000258548,0.000364431,0.000126711,254,1343,0,9,0.166666667,0.004266046,0.993308324,0.776963868,4744,27768,14,223,0
0,0.0202793,0,0,0.000425351,0,0,0,0,0.001688119,0,0,0.080300112,0.008583498,51,792,0,3,0.166666667,0.004007498,0.978809693,0.545299299,4980,27727,44,309,0
0,0.00800141,0,0,0.003556418,0,0,0,0,0.015548935,0,0,0.00170068,0.000316776,308,1544,14,66,0.2,0.006851529,0.908088235,0.483816934,4582,26668,103,821,0
0.182856,0.0885653,0,0,0,0,0,0,0,0.000467861,0,0.000387822,0.000141403,5.40E-05,7,15,0,0,0,0.000581734,0.744905201,0.258673378,1587,7980,1,54,0
0,0.0761169,0,0,0,0,0,0,0,0.000302188,0,0,0.000565611,0.000108067,9,15,0,0,0,0.000193911,0.745107979,0.258673378,1589,7981,1,54,0
0,0,0,0,0,0,0,0,0,0.000402918,0,0,0.000565611,0.000108067,9,15,0,0,0,0.000193911,0.745107979,0.258673378,1589,7980,1,54,0
0,0.0133751,0,0,0,0,0,0,0,0.001024073,0,0,0.019557823,0.000443487,383,1079,20,80,0,0.000517097,0.804298643,0.278975523,1866,13721,56,395,0
0,0.0238866,0,0,0.000631712,0,0,0,0,0.005353203,0,0,0.005466472,0.001203751,513,1071,4,9,0,0.000193911,0.834276018,0.317339385,1828,13626,47,388,0
0,0.0752738,0,0,0.000631712,0,0,0,0,0.004429463,0,0,0.005466472,0.001203751,513,1071,4,9,0.1,0.000387822,0.798739852,0.306779145,1943,13923,16,151,0
0.0813392,0.050501,0,0,0,0,0,0.045454545,0,0.0567867,0,0,0.000242336,0,7,8,0,0,0.8,0.347618124,0.849872774,0.30860547,5213,32609,58,393,0
0,0.0532275,0,0,0.001883239,0,0,0.003875969,0,0.006881457,0.033333333,0,0.177599611,0.020907248,102,1560,7,60,0.433333333,0.027082929,0.909863946,0.542448049,5328,32549,90,885,0
0.126511,0.0145307,0,0,0.004321521,0,0,0.025641026,0,0.042485666,0,0.000129274,0.004119714,0,21,62,0,2,0.6,0.052356021,0.985906925,0.65378393,5369,29851,26,310,0
0,0.0507809,0,0,0.000254453,0,0,0.023809524,0,0.032634348,0.964285714,0.296102385,0.003765792,0,2071,11786,27,92,0.964285714,0.298106134,0.303814383,0.069690826,3059,15473,48,236,0
0,0.118164,0,0,0.000254453,0,0,0.035714286,0,0.046542489,0.964285714,0.296102385,0.003765792,0,2071,11786,27,92,0.964285714,0.296102385,0.378158406,0.092625443,2948,16036,49,262,0
0,0.220926,0,0,0.000254453,0,0,0.071428571,0,0.09168158,0.964285714,0.296102385,0.003765792,0,2071,11786,27,92,0.964285714,0.296167022,0.215147521,0.079183894,2322,13938,28,104,0
0.0644158,0.0722374,0,0,0,0,0,0,0,0.000672516,0,0,0.000121477,0,1,1,0,0,0.107142857,0,0.74016035,0.269386721,1755,11930,35,388,0
0,0.032891,0,0,0,0,0,0,0,0.000840645,0,0,0.000121477,0,1,1,0,0,0.107142857,0,0.74016035,0.269386721,1755,11929,35,388,0
0,0.0112444,0,0,0,0,0,0,0,0.000840645,0,0,0.000364431,6.34E-05,2,3,0,0,0.107142857,0,0.74016035,0.269450076,1756,11931,35,388,0
0,0,0,0,0.001701179,0,0,0,0,0.005210738,0,0.003490401,0.000728863,0.000126711,976,5290,3,57,0.142857143,0.003684313,0.979418027,0.591587273,3804,27430,7,167,0
0.0296115,0,0,0,0.003507541,0,0,0,0,0.001453182,0,0.000258548,0.002308066,0.000823619,764,5380,8,93,0,0.000969556,0.972131346,0.722268122,4280,26939,50,396,0
0.0173455,0,0,0,0.003507541,0,0,0,0,0.001453182,0,0.000258548,0.002308066,0.000823619,764,5380,8,93,0,0.000969556,0.972131346,0.722268122,4280,26939,50,396,0
0,0,0,0,0.004366323,0,0,0,0,0.007552281,0,0.003490401,0.000728863,0.000126711,976,5290,3,57,0.142857143,0.003684313,0.979418027,0.591587273,3804,27430,7,167,0
0,0.0206382,0,0,0.004434098,0,0,0,0,0.000599447,0,0.000258548,0.002308066,0.000823619,764,5380,8,93,0,0.000969556,0.972131346,0.722268122,4280,26939,50,396,0
0,0.0407996,0,0,0.004434098,0,0,0,0,0.000599447,0,0.000258548,0.002308066,0.000823619,764,5380,8,93,0,0.000969556,0.972131346,0.722268122,4280,26939,50,396,0
0.136578,0.0696302,0,0,0,0,0,0,0,0.001591847,0,0,0.000468494,4.57E-05,5,6,0,0,0,0.003942861,0.958633276,0.507055546,4308,22164,15,229,0
0,0.013782,0,0,0,0,0,0,0,0.001412207,0,0,0.000121477,0,10,21,0,1,0,0.003942861,0.958633276,0.507010606,4315,22183,15,230,0
0,0.00242761,0,0,0,0,0,0,0,0.000614424,0,0,0.000565611,0.000216134,3,5,0,0,0,0.003942861,0.958633276,0.507010606,4310,22180,15,229,0
0,0.000689896,0,0,0,0,0,0,0,0.008219004,0,0,0.004130224,0.00310441,173,259,3,6,0.178571429,0.000193911,0.858597285,0.375749716,2213,14554,71,500,0
0,0.147501,0,0,0,0,0,0.041666667,0,0.063018789,0,0.000129274,0.031827017,0.003294475,114,297,0,11,0.142857143,0.000323185,0.749514091,0.299353776,2208,14706,35,445,0
0,0.021934,0,0,0,0,0,0,0,0.002502461,0.071428571,0.000452459,0.015306122,0.003167765,241,434,7,22,0.071428571,0.000904919,0.858112202,0.392616428,2462,14560,41,274,0
0,0,0,0,0.000152358,0,0,0,0,0.000597598,0,0.000258548,0.000364431,0.000126711,254,1343,0,9,0,0.004007498,0.979215249,0.615405357,4044,20273,8,157,0
0,0,0,0,0.000152358,0,0,0,0,0.000497998,0,0.000258548,0.000364431,0.000126711,254,1343,0,9,0,0.004007498,0.979215249,0.615405357,4062,20324,8,157,0
0,0,0,0,0.000223514,0,0,0,0,0.00019604,0,6.46E-05,0.00085034,0.001393817,186,1639,1,17,0.107142857,0.000258548,0.933590186,0.440724429,3633,19934,28,222,0
0,0.0568448,1,0,1,0,0,0.05,0,0.064859677,0.964285714,0.296102385,0.003765792,0,2071,11786,27,92,0.964285714,0.296102385,0.688046647,0.236061835,3296,18745,44,306,0
0,0.0481085,1,0,1,0,0,0.066666667,0,0.085989303,0.964285714,0.296102385,0.003765792,0,2071,11786,27,92,0.964285714,0.296102385,0.679664723,0.241193614,3375,18322,41,288,0
0,0.0109001,1,0,1,0,0,0.04,0,0.058843773,0.964285714,0.296102385,0.003765792,0,2071,11786,27,92,0.964285714,0.314588585,0.66095724,0.233464268,3735,19502,41,299,0
0,0,0,0,0.066568771,0,0,0.033333333,0,0.045234782,0.035714286,0.018356926,0.025145773,0.002977699,378,1288,2,13,0.214285714,0.023915713,0.81207483,0.371388748,3411,17764,69,563,0
0,0,0,0,7.46E-05,0,0,0,0,0.004988288,0,0.000323185,0.008017493,0.004054739,335,1612,1,25,0.178571429,0.000517097,0.768382353,0.286702329,3100,17955,47,547,0
0,0.0332811,0,0,0.000311211,0,0,0,0,0.006646259,0,0,0.005466472,0.001203751,513,1071,4,9,0.142857143,0.000387822,0.783527697,0.324189052,2907,17761,51,538,0
0,0.196879,1,0,1,0,0,0.066666667,0,0.080087732,0.964285714,0.296102385,0.003765792,0,2071,11786,27,92,0.964285714,0.301467261,0.694120505,0.242143943,3497,19820,46,325,0
0,0,1,0,1,0,0,0.066666667,0,0.088598814,0.964285714,0.296102385,0.003765792,0,2071,11786,27,92,0.964285714,0.296296296,0.629494655,0.215154587,3202,19007,37,267,0
0,0.0708125,1,0,1,0,0,0.083333333,0,0.095259328,0.964285714,0.296102385,0.003765792,0,2071,11786,27,92,0.964285714,0.296102385,0.688046647,0.236061835,3296,18745,44,306,0
0,0,0,0,0.001701179,0,0,0,0,0.00019698,0,0.003490401,0.000728863,0.000126711,976,5290,3,57,0,0.003684313,0.971915239,0.506426389,3547,20355,7,150,0
0,0,0,0,0.001701179,0,0,0,0,0.00019698,0,0.003490401,0.000728863,0.000126711,976,5290,3,57,0,0.003684313,0.971915239,0.506426389,3547,20355,7,150,0
0,0,0,0,0.001701179,0,0,0,0,0.00019698,0,0.003490401,0.000728863,0.000126711,976,5290,3,57,0,0.003684313,0.971915239,0.506426389,3547,20355,7,150,0
0,0,1,0,1,0,0,0.166666667,0,0.169887374,0.035714286,0.003167216,0.000242954,6.34E-05,64,157,1,2,0.071428571,0.00329649,0.658649174,0.230549924,1349,6333,13,185,0
0.022705,0,0,0,0,0,0,0,0,0.002107927,0,0.001874475,0.000485909,0.000190066,52,130,0,3,0.035714286,0.002003749,0.658770651,0.230676635,1337,6307,12,186,0
0,0,0,0,0.014705882,0,0,0,0,0.004992098,0,0.003490401,0.00085034,0.000190066,78,119,0,2,0.035714286,0.003619676,0.658649174,0.230676635,1363,6295,12,185,0
0.0834525,0.15293,1,0,1,0,0,0.05,0,0.060714983,0.964285714,0.296102385,0.003765792,0,2071,11786,27,92,0.964285714,0.357055135,0.395894072,0.105043082,3776,20552,70,403,0
0,0.0740832,1,0,1,0,0,0.0625,0,0.074332024,0.964285714,0.296102385,0.003765792,0,2071,11786,27,92,0.964285714,0.29642557,0.85568884,0.396182111,4056,23951,57,307,0
0,0.0894033,1,0,1,0,0,0.05,0,0.062115419,0.964285714,0.296102385,0.003765792,0,2071,11786,27,92,0.964285714,0.303729559,0.704228765,0.183850067,3205,20207,37,238,0
0,0.0511511,0,0,0,0,0,0,0,0.001213734,0,0,0.000121477,0,1,1,0,0,0.071428571,0,0.691569485,0.236505322,1608,8032,37,294,0
0.142545,0.0559542,0,0,0,0,0,0,0,0.001224334,0,0,0.000121477,0,6,7,1,1,0.071428571,0,0.691569485,0.236505322,1613,8038,38,295,0
0,0.0976582,0,0,0,0,0,0,0,0.001213734,0,0,0.000364431,0,23,29,3,4,0.071428571,0,0.691569485,0.236505322,1630,8060,40,298,0
0.204698,0,1,0,1,0,0,0.1,0,0.116208809,0.964285714,0.296102385,0.003765792,0,2071,11786,27,92,0.964285714,0.296296296,0.629494655,0.215154587,3202,19007,37,267,0
0,0.0808456,1,0,1,0,0,0.166666667,0,0.167708373,0.964285714,0.296102385,0.003765792,0,2071,11786,27,92,0.964285714,0.296102385,0.679664723,0.241193614,3375,18322,41,288,0
0,0.0929333,1,0,1,0,0,0.125,0,0.13323788,0.964285714,0.296102385,0.003765792,0,2071,11786,27,92,0.964285714,0.30172581,0.636297376,0.218385707,3329,18133,39,264,0
0,0.0314949,0,0,0.000169693,0,0,0.0625,0,0.091095766,0.964285714,0.296102385,0.003765792,0,2071,11786,27,92,0.964285714,0.30172581,0.636297376,0.218385707,3329,18133,39,264,0
0,0.0904328,0,0,0.000169693,0,0,0.0625,0,0.081909299,0.964285714,0.296102385,0.003765792,0,2071,11786,27,92,0.964285714,0.296102385,0.688046647,0.236061835,3296,18745,44,306,0
0.0476193,0.101918,0,0,0.000169693,0,0,0.05,0,0.078494353,0.964285714,0.296102385,0.003765792,0,2071,11786,27,92,0.964285714,0.296296296,0.629494655,0.215154587,3202,19007,37,267,0
0,0.110281,0,0,0.006016847,0,0,0,0,0.003690752,0.071428571,0.000452459,0.015306122,0.003167765,241,434,7,22,0.107142857,0.000581734,0.206632653,0.027369488,457,2291,14,93,0
0,0,0,0,0.006016847,0,0,0,0,0.002210953,0.071428571,0.000452459,0.015306122,0.003167765,241,434,7,22,0.071428571,0.000452459,0.212528777,0.03891812,488,2338,8,46,0
0,0.0154363,0,0,0.002758621,0,0,0,0,0.001516583,0,0,0.001579203,0.000443487,230,325,0,0,0,0,0.21676966,0.050919685,477,2229,1,24,0
0,0.0296318,0,0,0,0,0,0,0,0.00697729,0,0,0.000728863,0.000316776,13,14,0,0,0.178571429,0.000258548,0.846209913,0.402116067,3036,19368,57,616,0
0,0,0,0,0,0,0,0,0,0.006082901,0,0,0.000971817,0.000443487,18,51,0,0,0.214285714,0.000646371,0.84803207,0.506715661,3076,19546,59,611,0
0.0634881,0.00978808,0,0,0,0,0,0,0,0.003178335,0,0,0.014705882,0.009996218,54,120,1,1,0.214285714,0.000517097,0.840073529,0.355973415,3252,19152,71,626,0
0,0.203927,0,0,0.0142604,0,0,0.055555556,0,0.061373277,0.964285714,0.296102385,0.003765792,0,2071,11786,27,92,0.964285714,0.298106134,0.303814383,0.069690826,3059,15473,48,236,0
0,0,0,0,0.0142604,0,0,0.083333333,0,0.106236935,0.964285714,0.296102385,0.003765792,0,2071,11786,27,92,0.964285714,0.315881326,0.216204751,0.054087643,2725,15143,44,190,0
0,0.144318,0,0,0.0142604,0,0,0.083333333,0,0.092019104,0.964285714,0.296102385,0.003765792,0,2071,11786,27,92,0.964285714,0.30172581,0.636297376,0.218385707,3329,18133,39,264,0
0,0,0,0,0.000636537,0,0,0.125,0,0.13570936,0.107142857,0,0.153911565,0.045679169,593,1546,11,68,0.107142857,0,0.2654276,0.071718196,775,2690,15,110,0
0,0,0,0,0.000636537,0,0,0.125,0,0.13570936,0.107142857,0,0.153911565,0.045679169,593,1546,11,68,0.107142857,0,0.2654276,0.071718196,775,2690,15,110,0
0,0,0,0,0.000636537,0,0,0.125,0,0.13570936,0.107142857,0,0.153911565,0.045679169,593,1546,11,68,0.107142857,0,0.2654276,0.071718196,775,2690,15,110,0
0,0.210184,0,0,0.080755323,0,0,0.0625,0,0.083439349,0.071428571,0,0.135568513,0.026039027,182,1144,4,42,0.142857143,0,0.715621963,0.288773441,1900,8090,25,264,0
0,0.0582773,0,0,0.080755323,0,0,0.083333333,0,0.111007485,0.071428571,0,0.135568513,0.026039027,182,1144,4,42,0.142857143,0,0.715500486,0.286872783,1897,8082,25,264,0
0,0.0625665,0,0,0.080755323,0,0,0.083333333,0,0.111007485,0.071428571,0,0.135568513,0.026039027,182,1144,4,42,0.142857143,0,0.715500486,0.286872783,1897,8082,25,264,0
0.403484,0.00447523,0,0,0,0,0,0,0,0.000728405,0.071428571,0,0.135568513,0.026039027,182,1144,4,42,0.107142857,0,0.679543246,0.241193614,1304,6536,14,196,0
0.182216,0.0216191,0,0,0,0,0,0,0,0.000728405,0.071428571,0,0.135568513,0.026039027,182,1144,4,42,0.107142857,0,0.679543246,0.241193614,1304,6536,14,196,0
0.173225,0,0,0,0,0,0,0,0,0.000728405,0.071428571,0,0.135568513,0.026039027,182,1144,4,42,0.107142857,0,0.679543246,0.241193614,1304,6536,14,196,0
0,0.0109839,0,0,0,0,0,0,0,9.78E-05,0,0,0.000164042,0,1,1,0,0,0.111111111,0.000129274,0.800688976,0.338741722,2282,12122,64,326,0
0,0.0024343,0,0,0,0,0,0,0,0.000228591,0,0,0.000242954,0,28,54,0,0,0.074074074,0,0.726797862,0.294665484,2276,12116,39,406,0
0,0.00535214,0,0,0,0,0,0,0,9.22E-05,0,0,0.000242954,0,22,77,0,0,0.111111111,0.000129274,0.800360892,0.340586566,2335,12099,64,322,0
0,0.092605,0,0,0,0,0,0,0,5.64E-05,0,0,0.00085034,0,197,519,5,22,0,0,0.890748031,0.469016083,2597,11495,124,453,0
0,0.00310336,0,0,0,0,0,0,0,4.83E-05,0,0,0.00085034,0,197,519,5,22,0,0,0.890912073,0.471333964,2610,11519,124,453,0
0,0.0357895,0,0,0,0,0,0,0,0.000730492,0,0,0.135568513,0.026039027,182,1144,4,42,0.074074074,0.000452459,0.761297376,0.311391282,2623,11155,59,426,0
0,0.0102161,0,0,0,0,0,0,0,0.003345101,0,0,0.000101389,0,1,1,0,0,0.037037037,0.000258548,0.789617763,0.341092935,2497,11330,13,139,0
0.126392,0.087735,0,0,0,0,0,0,0,0.000294598,0,0,0.000656168,0,2,6,0,0,0,6.46E-05,0.874671916,0.489498581,2341,11334,71,347,0
0,0.0332776,0,0,0,0,0,0,0,0.000571746,0,0,0.012139108,0.001939451,22,75,1,1,0.111111111,6.46E-05,0.758038058,0.385099338,2405,11128,58,286,0
0.126136,0.0966914,0,0,0,0,0,0,0,0.00048593,0,6.46E-05,0.003644315,0.008046123,21,32,1,1,0,6.46E-05,0.679907677,0.249239736,1325,6568,15,197,0
0,0.115405,0,0,0,0,0,0,0,0.00048593,0,6.46E-05,0.003644315,0.008046123,21,32,1,1,0,6.46E-05,0.679907677,0.249239736,1325,6568,15,197,0
0,0.0155266,0,0,0,0,0,0,0,0.00048593,0,6.46E-05,0.003644315,0.008046123,21,32,1,1,0,6.46E-05,0.679907677,0.249239736,1325,6568,15,197,0
0.262355,0.0689372,0,0,0,0,0,0,0,0.000546769,0,6.46E-05,0.003644315,0.008046123,21,32,1,1,0,6.46E-05,0.679907677,0.249239736,1325,6568,15,197,0
0,0.0687453,0,0,0,0,0,0,0,0.000546769,0,6.46E-05,0.003644315,0.008046123,21,32,1,1,0,6.46E-05,0.679907677,0.249239736,1325,6568,15,197,0
0,0,0,0,0,0,0,0,0,0.000546769,0,6.46E-05,0.003644315,0.008046123,21,32,1,1,0,6.46E-05,0.679907677,0.249239736,1325,6568,15,197,0
0,0.00684698,0,0,0,0,0,0,0,0.031390647,0,0,0.135568513,0.026039027,182,1144,4,42,0.074074074,0,0.774295432,0.295425748,1936,13072,39,430,0
0,0.00208179,0,0,0,0,0,0,0,0.031390647,0,0,0.135568513,0.026039027,182,1144,4,42,0.074074074,0,0.774295432,0.295425748,1936,13072,39,430,0
0.106476,0.00134491,0,0,0,0,0,0,0,0.031390647,0,0,0.135568513,0.026039027,182,1144,4,42,0.074074074,0,0.774295432,0.295425748,1936,13072,39,430,0
0,0.00642413,0,0,0,0,0,0,0,0.000406873,0,0,0.000121477,0,1,1,0,0,0,0.000193911,0.798226433,0.262734415,3029,11208,18,263,0
0,0.00791546,0,0,0,0,0,0,0,0.000614467,0,6.46E-05,0.000971817,6.34E-05,22,27,0,0,0,0.000258548,0.798347911,0.26279777,3050,11234,18,263,0
0,0.032791,0,0,0,0,0,0,0,0.000947232,0,0,0.001457726,6.34E-05,9,35,0,0,0.037037037,6.46E-05,0.85447036,0.273758236,2912,10545,22,271,0
0,0.0533571,0,0,0,0,0,0,0,0.000331889,0,0,0.000121477,0,1,1,0,0,0,0.000193911,0.798226433,0.262734415,3029,11208,18,263,0
0.0983946,0.00691882,0,0,0,0,0,0,0,0.000522385,0,6.46E-05,0.000971817,6.34E-05,22,27,0,0,0,0.000258548,0.798347911,0.26279777,3050,11234,18,263,0
0,0.0234245,0,0,0,0,0,0,0,0.000739441,0,0,0.001457726,6.34E-05,9,35,0,0,0.037037037,6.46E-05,0.85447036,0.273758236,2912,10545,22,271,0
0,0,0,0,0,0,0,0,0,0.01740618,0,0,0.000121477,0,1,1,0,0,0,0.000193911,0.798226433,0.262734415,3029,11208,18,263,0
0,0,0,0,0.001777778,0,0,0,0,0.017635201,0,6.46E-05,0.000971817,6.34E-05,22,27,0,0,0,0.000258548,0.798347911,0.26279777,3050,11234,18,263,0
0,0.0620402,0,0,0,0,0,0,0,0.011531827,0,0,0.001457726,6.34E-05,9,35,0,0,0.037037037,6.46E-05,0.85447036,0.273758236,2912,10545,22,271,0
0,0,0,0,0,0,0,0,0,2.52E-05,0,0,0.006090419,0.00420783,20,52,0,1,0,0.000323185,0.208128367,0.061928284,355,2902,1,37,0
0,0,0,0,0,0,0,0,0,2.52E-05,0,0,0.005504802,0.002652763,20,47,0,0,0,0.000323185,0.208128367,0.060373216,355,2897,1,36,0
0.0624267,0.0244171,0,0,0,0,0,0,0,0.011988687,0,0,0.000282805,5.40E-05,48,84,0,0,0.037037037,0,0.230627828,0.054087643,356,2906,14,78,0
0,0.00664014,0,0,0.000169377,0,0,0,0,6.01E-05,0,0,0.000242954,0,17,24,0,0,0,6.46E-05,0.963254593,0.603926206,3028,14923,128,539,0
0,0.0446648,0,0,0,0,0,0,0,0.000164994,0,0,0.000164042,0,1,1,0,0,0.111111111,0.000129274,0.894849081,0.486329234,3023,15068,141,518,0
0.0492295,0.0133918,0,0,0,0,0,0,0,0.004446454,0,0,0.001214772,0.000253421,10,16,1,2,0.111111111,0.006075884,0.597546161,0.188355297,2903,15060,79,565,0
0,0.0141552,0,0,0,0,0,0,0,0,0,0,0.000242336,0,477,2306,2,52,0,0,0.607283465,0.301702933,1263,5527,79,250,0
0,0,0,0,0,0,0,0,0,0,0,0,0.000242336,0,477,2306,2,52,0,0,0.62746063,0.252365184,1209,5643,67,250,0
0,0.00846431,0,0,0,0,0,0,0,0,0,0,0.000242336,0,477,2306,2,52,0,0,0.605971129,0.293566698,1230,5450,79,249,0
0,0,0,0,0,0,0,0,0,0.000410077,0,0,0.215379009,0,1464,1774,1,3,0,0,0.810009718,0.241193614,2768,8311,15,199,0
0,0.0615478,0,0,0,0,0,0,0,0.000546769,0,0,0.215379009,0,1464,1774,1,3,0,0,0.810009718,0.241193614,2768,8310,15,199,0
0,0.0117277,0,0,0,0,0,0,0,0.000546769,0,0,0.215379009,0,1464,1774,1,3,0,0,0.810009718,0.241193614,2768,8310,15,199,0
0,0.0834558,0,0,0,0,0,0,0,0.003048824,0,0,0.215379009,0,1464,1774,1,3,0.178571429,0.001745201,0.817419825,0.252914344,3022,9406,23,233,0
0,0.059682,0,0,0,0,0,0,0,0.000282159,0,0,0.215379009,0,1464,1774,1,3,0.035714286,0,0.771137026,0.215978206,2848,9235,14,175,0
0,0.040045,0,0,0,0,0,0,0,0.000282159,0,0,0.215379009,0,1464,1774,1,3,0.035714286,0,0.771137026,0.215978206,2848,9235,14,175,0
0,0.107201,0,0,0,0,0,0,0,0.000733013,0,6.46E-05,0.087463557,0.000950329,575,771,0,1,0,0.000258548,0.180029155,0.048530157,1017,4812,7,107,0
0,0.0734282,0,0,0,0,0,0,0,0.000733013,0,6.46E-05,0.087463557,0.000950329,575,771,0,1,0,0.000258548,0.180029155,0.048530157,1017,4812,7,107,0
0,0.0686143,0,0,0,0,0,0,0,0.000733013,0,6.46E-05,0.087463557,0.000950329,575,771,0,1,0,0.000258548,0.180029155,0.048530157,1017,4812,7,107,0
0,0,0,0,0,0,0,0,0,0.001011719,0,6.46E-05,0.087463557,0.000950329,575,771,0,1,0,0.000129274,0.118440233,0.012544349,608,1411,0,13,0
0.0498799,0,0,0,0,0,0,0,0,0.001011719,0,6.46E-05,0.087463557,0.000950329,575,771,0,1,0,0.000129274,0.118440233,0.012544349,608,1411,0,13,0
0,0,0,0,0,0,0,0,0,0.000885393,0,6.46E-05,0.087463557,0.000950329,575,771,0,1,0,6.46E-05,0.152089407,0.131652306,595,1422,0,4,0
0,0.0923594,0,0,0,0,0,0,0,0,0,0,0.215379009,0,1464,1774,1,3,0,0,0.235058309,0.132285859,1485,2464,1,6,0
0,0.0810589,0,0,0,0,0,0,0,0,0,0,0.215379009,0,1464,1774,1,3,0,0,0.235058309,0.132285859,1485,2464,1,6,0
0,0.0718521,0,0,0,0,0,0,0,0,0,0,0.215379009,0,1464,1774,1,3,0,0,0.235058309,0.132285859,1485,2464,1,6,0
0,0.0216179,0,0,0.000511247,0,0,0.166666667,0,0.235663817,0.037037037,0,0.003279883,0.000316776,253,1913,3,17,0.296296296,0.000387822,0.771719375,0.253293908,1196,9771,11,125,0
0,0.0140168,0,0,0.000511247,0,0,0.166666667,0,0.235663817,0.037037037,0,0.003279883,0.000316776,253,1913,3,17,0.296296296,0.000387822,0.771719375,0.253293908,1196,9771,11,125,0
0,0.00650245,0,0,0.000511247,0,0,0.166666667,0,0.235663817,0.037037037,0,0.003279883,0.000316776,253,1913,3,17,0.296296296,0.000387822,0.771719375,0.253293908,1196,9771,11,125,0
0,0.00474011,0,0,0.001576609,0,0,0,0,0.005917089,0,0.000323185,0.001214772,0.000316776,401,3307,6,27,0,0.000323185,0.375380651,0.032107574,539,3994,8,33,0
0,0,0,0,0.001576609,0,0,0,0,0.005699911,0,0.000323185,0.001214772,0.000316776,401,3307,6,27,0,0.000323185,0.147765837,0.02426109,624,4041,18,55,0
0,0.0708254,0,0,0.001576609,0,0,0,0,0.004302366,0,0.000323185,0.001214772,0.000316776,401,3307,6,27,0,0.000323185,0.376786133,0.032793633,565,4051,8,33,0
0,0.022631,0,0,0.000184026,0,0,0.047619048,0,0.067217066,0.296296296,0.000258548,0.002308066,0.000823619,764,5380,8,93,0.296296296,0.000323185,0.836665455,0.34730617,1864,12046,27,224,0
0,0.0183055,0,0,0.000184026,0,0,0.047619048,0,0.067217066,0.296296296,0.000258548,0.002308066,0.000823619,764,5380,8,93,0.296296296,0.000323185,0.836665455,0.34730617,1864,12046,27,224,0
0,0.0128088,0,0,0.000184026,0,0,0.047619048,0,0.067217066,0.296296296,0.000258548,0.002308066,0.000823619,764,5380,8,93,0.296296296,0.000323185,0.836665455,0.34730617,1864,12046,27,224,0
0.0402268,0.0200891,0,0,0,0,0,0,0,0.001122094,0,0,0.000912501,4.49E-05,9,12,0,0,0,0.004007498,0.985197202,0.615674996,4061,23862,8,171,0
0.0423979,0.020719,0,0,0.001094491,0,0,0,0,0.001140971,0,0,0.00060584,0.000130452,61,108,0,0,0,0.004007498,0.985197202,0.62506741,4113,23958,8,171,0
0,0.0160943,0,0,0,0,0,0,0,0.000821071,0,0,0.000506945,0.000988675,4,5,0,0,0,0.00374895,0.988238873,0.68034334,4110,24190,8,166,0
0.0493408,0,0,0,0.000227635,0,0,0.071428571,0,0.113459547,0,0,0.1536411,0.037048311,310,1396,7,39,0.296296296,0.000452459,0.853628983,0.385398095,2221,14126,34,252,0
0.0314227,0,0,0,0.000227635,0,0,0.071428571,0,0.113459547,0,0,0.1536411,0.037048311,310,1396,7,39,0.296296296,0.000452459,0.853628983,0.385398095,2221,14126,34,252,0
0.0292248,0,0,0,0.000227635,0,0,0.071428571,0,0.113459547,0,0,0.1536411,0.037048311,310,1396,7,39,0.296296296,0.000452459,0.853628983,0.385398095,2221,14126,34,252,0
0,0,0,0,0.000181686,0,0,0.05,0,0.071630282,0.296296296,0.000258548,0.002308066,0.000823619,764,5380,8,93,0.296296296,0.000323185,0.836665455,0.349828238,1890,12106,27,224,0
0,0.0270626,0,0,0.000181686,0,0,0.066666667,0,0.093690313,0.296296296,0.000258548,0.002308066,0.000823619,764,5380,8,93,0.296296296,0.000323185,0.85568884,0.396182111,1985,12165,30,215,0
0,0.0852325,0,0,0.000181686,0,0,0.066666667,0,0.093690313,0.296296296,0.000258548,0.002308066,0.000823619,764,5380,8,93,0.296296296,0.000323185,0.85568884,0.396182111,1985,12165,30,215,0
0,0,0,0,0.000227635,0,0,0.035714286,0,0.070279336,0,0,0.1536411,0.037048311,310,1396,7,39,0.296296296,0.000387822,0.707379135,0.216854372,1255,9258,15,147,0
0,0,0,0,0.000227635,0,0,0.047619048,0,0.093650836,0,0,0.1536411,0.037048311,310,1396,7,39,0.296296296,0.000387822,0.707379135,0.216854372,1253,9254,15,147,0
0,0,0,0,0.000227635,0,0,0.047619048,0,0.093650836,0,0,0.1536411,0.037048311,310,1396,7,39,0.296296296,0.000387822,0.707379135,0.216854372,1253,9254,15,147,0
0,0,0,0,0.000186359,0,0,0,0,0.007870177,0,0,0.000242954,6.34E-05,1034,4315,3,28,0,0.004266046,0.989354152,0.666367068,4454,25953,16,223,0
0,0.0256818,0,0,0.000127722,0,0,0,0,0.006786679,0,0,0.007531584,0.001013685,938,3875,36,128,0,0.004266046,0.99057082,0.69265684,5397,27157,50,328,0
0,0,0,0,0.000186359,0,0,0,0,0.009137827,0,0,0.000242954,6.34E-05,1034,4315,3,28,0,0.003684313,0.976072189,0.506426389,3547,26544,7,166,0
0,0.00378262,0,0,0.000181686,0,0,0.066666667,0,0.094888613,0.296296296,0.000258548,0.002308066,0.000823619,764,5380,8,93,0.296296296,0.000323185,0.836665455,0.34730617,1864,12046,27,224,0
0,0,0,0,0.000181686,0,0,0.066666667,0,0.094888613,0.296296296,0.000258548,0.002308066,0.000823619,764,5380,8,93,0.296296296,0.000323185,0.836665455,0.34730617,1864,12046,27,224,0
0,0,0,0,0.000181686,0,0,0.066666667,0,0.094888613,0.296296296,0.000258548,0.002308066,0.000823619,764,5380,8,93,0.296296296,0.000323185,0.836665455,0.34730617,1864,12046,27,224,0
0,0.0100584,0,0,0,0,0,0.022222222,0,0.031587661,0,0,0.001211681,0,10,11,1,1,0.413793103,0.000711008,0.787107718,0.259468626,1400,9532,19,159,0
0,0.0663253,0,0,0,0,0,0,0,0.00013985,0,0,0.000117123,0,1,1,0,0,0,0.000258548,0.713633169,0.270444566,1410,9568,8,125,0
0,0.0645254,0,0,0,0,0,0,0,0.00013985,0,0,0.000117123,0,1,1,0,0,0,0.000258548,0.713633169,0.270444566,1410,9568,8,125,0
0,0,0,0,0,0,0,0,0,0.000983351,0,0,0.00060584,0.000130452,4,5,0,0,0.413793103,0.000452459,0.894583788,0.433752229,2870,16996,38,287,0
0,0,0,0,0,0,0,0,0,0.000987765,0,0,0.000242336,0,2,3,0,0,0.413793103,0.000452459,0.89446262,0.433621777,2868,16994,38,287,0
0,0,0,0,0.000167926,0,0,0,0,0.001239382,0,0,0.015146008,0.003130843,34,126,0,3,0.413793103,0.000775645,0.917726887,0.48728095,2864,17278,45,324,0
0,0.0170109,0,0,0.000511247,0,0,0.057142857,0,0.111632279,0,0,0.003279883,0.000316776,253,1913,3,17,0.413793103,0.000323185,0.895553132,0.457842327,2427,15355,37,280,0
0,0.0174429,0,0,0.0001472,0,0,0.085714286,0,0.128220567,0,0,0.000242954,6.34E-05,234,1803,1,5,0.413793103,0.000323185,0.887677208,0.395660304,2248,15147,29,248,0
0.188801,0.0235586,0,0,0.0001472,0,0,0.085714286,0,0.128220567,0,0,0.000242954,6.34E-05,234,1803,1,5,0.413793103,0.000323185,0.887677208,0.395660304,2248,15147,29,248,0
0,0.0792954,0,0,0.234693063,0,0,0.05,0,0.075750545,0.793103448,0.296102385,0.003765792,0,2071,11786,27,92,0.793103448,0.301467261,0.694120505,0.242143943,3497,19820,46,325,0
0,0.0665881,0,0,0.234693063,0,0,0.025,0,0.045949766,0.793103448,0.296102385,0.003765792,0,2071,11786,27,92,0.931034483,0.357055135,0.395894072,0.105043082,3776,20552,70,403,0
0,0.00101903,0,0,0.234693063,0,0,0.025,0,0.04799038,0.793103448,0.296102385,0.003765792,0,2071,11786,27,92,0.793103448,0.314588585,0.66095724,0.233464268,3735,19502,41,299,0
0,0.0352652,0,0,0.00050869,0,0,0.033333333,0,0.051561246,0,0,0.000121168,0,14,15,0,0,0.413793103,0.000323185,0.885617351,0.421576727,2180,14123,30,245,0
0,0.00644657,0,0,8.48E-05,0,0,0.055555556,0,0.086106782,0,0,0.000121168,0,2,3,0,0,0.413793103,0.000323185,0.885980855,0.422881245,2155,14126,30,245,0
0,0.0195692,0,0,0,0,0,0.055555556,0,0.08583964,0,0,0.000363504,4.35E-05,2,3,0,0,0.413793103,0.000323185,0.887071368,0.423968344,2153,14088,30,244,0
0.45122,0.00970166,0,0,0.000152358,0,0,0,0,0.017323813,0,0.000258548,0.000364431,0.000126711,254,1343,0,9,0.103448276,0.000387822,0.601235914,0.288168022,2169,13713,32,229,0
0,0,0,0,0.066568771,0,0,0,0,0.004741938,0,0.018356926,0.025145773,0.002977699,378,1288,2,13,0.034482759,0.018744748,0.772959184,0.313862139,2240,13826,28,378,0
0,0.0141415,0,0,0.000227635,0,0,0,0,0.010071686,0,0,0.1536411,0.037048311,310,1396,7,39,0,0.000258548,0.818412248,0.318757864,2033,13785,9,121,0
0.254737,0.234641,0,0,0,0,0,0,0,0.000108533,0,0,0.000121168,0,1,1,0,0,0,0,0.225614928,0.073487846,254,1914,3,17,0
0.144873,0.0422695,0,0,0,0,0,0,0,0.000108533,0,0,0.000121168,0,1,1,0,0,0,0,0.225614928,0.073487846,254,1914,3,17,0
0,0.256291,0,0,0,0,0,0,0,0.000108533,0,0,0.000121168,0,1,1,0,0,0,0,0.225614928,0.073487846,254,1914,3,17,0
0.220151,0.0189571,0,0,0.000442022,0,0,0.057142857,0,0.10290115,0.103448276,0,0.00255102,0.000316776,132,1794,0,26,0.413793103,0.000323185,0.886465528,0.427838414,2159,14068,30,241,0
0,0.0433545,0,0,0.0001472,0,0,0.028571429,0,0.069820741,0,0,0.000242954,6.34E-05,234,1803,1,5,0.413793103,0.000323185,0.881255301,0.427838414,2241,14130,31,220,0
0,0.0151716,0,0,0.000442022,0,0,0.071428571,0,0.127044315,0.103448276,0,0.00255102,0.000316776,132,1794,0,26,0.413793103,0.000323185,0.885253847,0.420794017,2117,13959,30,241,0
0,0.0271268,0,0,0,0,0,0,0,0.000619453,0,0.000193911,0.116618076,0.047579828,442,4041,7,106,0,0.000517097,0.685992036,0.114983535,1844,11843,16,183,0
0,0.00590209,0,0,0.000285307,0,0,0,0,0.000568168,0,0.000323185,0.001214772,0.000316776,401,3307,6,27,0,0.000646371,0.815062075,0.2526985,1844,11902,11,134,0
0,0,0,0,0.000285307,0,0,0,0,0.000568168,0,0.000323185,0.001214772,0.000316776,401,3307,6,27,0,0.000646371,0.815062075,0.2526985,1844,11902,11,134,0
0,0.00928802,0,0,0.000511247,0,0,0.047619048,0,0.106153615,0,0,0.003279883,0.000316776,253,1913,3,17,0.413793103,0.000323185,0.85568884,0.396182111,1985,12165,30,215,0
0,0.0136589,0,0,0.000511247,0,0,0.028571429,0,0.063798288,0,0,0.003279883,0.000316776,253,1913,3,17,0.413793103,0.000323185,0.85568884,0.396225595,1988,12173,30,215,0
0,0.115031,0,0,0.000511247,0,0,0.035714286,0,0.079730503,0,0,0.003279883,0.000316776,253,1913,3,17,0.413793103,0.000323185,0.85568884,0.396269079,1992,12177,30,215,0
0,0.0204106,0,0,0,0,0,0,0,0.001508867,0,0,0.000242336,0,2,2,0,0,0.413793103,0.000258548,0.723857991,0.227638388,1019,7295,11,110,0
0,0.0125073,0,0,0,0,0,0,0,0.001508867,0,0,0.000242336,4.35E-05,2,2,0,0,0.413793103,0.000258548,0.723857991,0.227681872,1019,7295,11,110,0
0,0.0466906,0,0,0,0,0,0,0,0.00113165,0,0,0.000121168,0,1,1,0,0,0.413793103,0.000258548,0.723857991,0.227638388,1018,7295,11,110,0
0,0,0,0,0,0,0,0,0,0.000300743,0.103448276,6.46E-05,0.004980564,0.000950329,968,4872,19,105,0.103448276,0.000129274,0.964238845,0.540870388,3214,17521,76,483,0
0,0.0331662,0,0,0,0,0,0,0,0.001562226,0.103448276,6.46E-05,0.004980564,0.000950329,968,4872,19,105,0.206896552,0.000387822,0.552405186,0.212288559,3053,17367,23,215,0
0,0.00289133,0,0,0,0,0,0,0,0.00026315,0.103448276,6.46E-05,0.004980564,0.000950329,968,4872,19,105,0.103448276,0.000129274,0.898950131,0.606575213,3330,17262,95,475,0
0.502956,0.0643345,0,0,0.000735429,0,0,0.05,0,0.083917851,0.413793103,0.000258548,0.002308066,0.000823619,764,5380,8,93,0.413793103,0.000452459,0.869623167,0.348349785,1911,18919,27,229,0
0,0.0120377,0,0,0.000735429,0,0,0.05,0,0.083917851,0.413793103,0.000258548,0.002308066,0.000823619,764,5380,8,93,0.413793103,0.000452459,0.869623167,0.348349785,1911,18919,27,229,0
0,0,0,0,0.000735429,0,0,0.05,0,0.083917851,0.413793103,0.000258548,0.002308066,0.000823619,764,5380,8,93,0.413793103,0.000452459,0.869623167,0.348349785,1911,18919,27,229,0
0,0.0545089,0,0,0.001845018,0,0,0.041666667,0,0.056808423,0,0,0.000121477,0,6,7,1,1,0.413793103,0.000387822,0.687871077,0.179849546,950,7868,9,109,0
0,0,0,0,0,0,0,0.055555556,0,0.076031871,0,6.46E-05,0.00060584,8.70E-05,7,9,0,0,0.413793103,0.000452459,0.687871077,0.17989303,950,7867,8,108,0
0,0.0144474,0,0,0,0,0,0.055555556,0,0.075621401,0,0,0.000484672,4.35E-05,5,8,0,0,0.413793103,0.000387822,0.687992245,0.179849546,948,7866,8,108,0
0,0,0,0,0.003507541,0,0,0,0,0.000653652,0.413793103,0.000258548,0.002308066,0.000823619,764,5380,8,93,0.413793103,0.000452459,0.849145765,0.369700396,1989,13222,29,218,0
0,0,0,0,0.003507541,0,0,0,0,0.00080194,0.413793103,0.000258548,0.002308066,0.000823619,764,5380,8,93,0.448275862,0.000452459,0.845026051,0.356263861,1959,13007,27,215,0
0,0,0,0,0.003507541,0,0,0,0,0.00080194,0.413793103,0.000258548,0.002308066,0.000823619,764,5380,8,93,0.448275862,0.000452459,0.845026051,0.356263861,1959,13007,27,215,0
0,0.016081,0,0,0,0,0,0.066666667,0,0.074067613,0,0,0.000141403,0,51,95,0,1,0.413793103,0.000258548,0.727008361,0.179197287,965,6773,9,113,0
0,0.013528,0,0,0,0,0,0.066666667,0,0.074067613,0,0,0.000141403,0,51,95,0,1,0.413793103,0.000258548,0.727008361,0.179197287,965,6773,9,113,0
0,0.00795934,0,0,0,0,0,0.066666667,0,0.074067613,0,0,0.000141403,0,51,95,0,1,0.413793103,0.000258548,0.727008361,0.179197287,965,6773,9,113,0
0,0,0,0,0,0,0,0,0,0.000840887,0,0,0.023627772,0.004696265,55,195,0,1,0.413793103,0.000323185,0.852659639,0.389050746,2229,13637,34,264,0
0,0,0,0,0,0,0,0,0,0.000840887,0,0,0.023627772,0.004696265,55,195,0,1,0.413793103,0.000323185,0.852659639,0.389050746,2229,13637,34,264,0
0.0812342,0.00207327,0,0,0,0,0,0,0,0.000254643,0,0,0.003279883,6.34E-05,36,180,1,3,0,0.000646371,0.850901851,0.250457373,2187,13664,15,127,0
0,0,0,0,0,0,0,0,0,0.002361722,0,0,0.023627772,0.004696265,55,195,0,1,0.413793103,0.000323185,0.852659639,0.389050746,2229,13637,34,264,0
0,0,0,0,0,0,0,0,0,0.002361722,0,0,0.023627772,0.004696265,55,195,0,1,0.413793103,0.000323185,0.852659639,0.389050746,2229,13637,34,264,0
0,0.00980635,0,0,0,0,0,0,0,6.26E-05,0,0,0.003279883,6.34E-05,36,180,1,3,0,0.000646371,0.850901851,0.250457373,2187,13664,15,127,0
0,0.00596089,0,0,0.000478774,0,0,0,0,0.002851403,0.413793103,0.000258548,0.002308066,0.000823619,764,5380,8,93,0.413793103,0.000258548,0.72894705,0.217593599,1228,8732,15,158,0
0,0,0,0,0.000478774,0,0,0,0,0.002401936,0.413793103,0.000258548,0.002308066,0.000823619,764,5380,8,93,0.413793103,0.000581734,0.691627287,0.189807366,1208,8776,13,140,0
0,0.00242138,0,0,0.000478774,0,0,0,0,0.002230484,0.413793103,0.000258548,0.002308066,0.000823619,764,5380,8,93,0.413793103,0.000258548,0.747849267,0.264686698,1327,8692,18,149,0
0,0.00628509,0,0,0.019098549,0,0,0,0,0.001903437,0,0.000840282,0.000364431,6.34E-05,158,234,1,2,0,0.001486652,0.825837433,0.25910172,2140,12824,14,142,0
0,0,0,0,0,0,0,0,0,0.00295165,0,0,0.001336249,0.000506842,107,394,1,12,0,0.018550837,0.712585034,0.27141409,2385,12727,35,373,0
0,0.00663407,0,0,0,0,0,0,0,0.000280918,0,0,0.000121477,6.34E-05,113,416,7,20,0,0,0.67604638,0.197114605,2115,12638,49,419,0
0,0,0,0,0.01627573,0,0,0.25,0,0.319319593,0.206896552,0.039105423,0.000364431,0,446,1368,3,23,0.206896552,0.039105423,0.000727008,0,446,1368,3,23,0
0.0503567,0.0188073,0,0,0.008888889,0,0,0,0,0.005226226,0,0.018356926,0.025145773,0.002977699,378,1288,2,13,0,0.018356926,0.025145773,0.002977699,378,1288,2,13,0
0,0.0119816,0,0,0.008888889,0,0,0,0,0.005226226,0,0.018356926,0.025145773,0.002977699,378,1288,2,13,0,0.018356926,0.025145773,0.002977699,378,1288,2,13,0
0,0.0378573,0,0,0,0,0,0,0,0.000102051,0,0,0.000121477,0,26,47,4,4,0,0,0.075003029,0.01404531,126,660,4,9,0
0.0346801,0,0,0,0,0,0,0,0,0.000153077,0,0,0.004846722,0.00121755,21,41,0,0,0,0,0.076578214,0.014436666,118,647,0,5,0
0.0448501,0.0124256,0,0,0,0,0,0,0,0.000102051,0,0,0.000607386,0,27,37,0,0,0,0,0.074033685,0.013523503,124,645,0,5,0
0,0.00949482,0,0,0,0,0,0,0,0.002612134,0,0,0.015146008,0.003130843,34,126,0,3,0.413793103,0.000775645,0.917726887,0.48728095,2864,17278,45,324,0
0,0.00371158,0,0,0,0,0,0,0,0.002202554,0,0,0.018781049,0.005783363,45,156,0,1,0.413793103,0.000646371,0.905367745,0.464625821,2696,17397,36,268,0
0,0.00203548,0,0,0.002109705,0,0,0,0,0.001455396,0,0,0.000121477,0,34,61,0,1,0.103448276,0.000323185,0.817601136,0.318578105,2725,17322,21,188,0
0,0.0776673,0,0,0,0,0,0,0,0.000319787,0.103448276,0,0.00085034,6.34E-05,150,1298,1,19,0.206896552,6.46E-05,0.566460681,0.261077532,1374,8092,23,141,0
0,0.071409,0,0,0,0,0,0,0,0.000319787,0.103448276,0,0.00085034,6.34E-05,150,1298,1,19,0.206896552,6.46E-05,0.566460681,0.261077532,1374,8092,23,141,0
0,0,0,0,0,0,0,0,0,0.000314877,0.103448276,0,0.00085034,6.34E-05,150,1298,1,19,0.206896552,6.46E-05,0.523324852,0.223942253,1394,8082,21,129,0
0,0.0728449,0,0,0,0,0,0,0,0.000319787,0.103448276,0,0.00085034,6.34E-05,150,1298,1,19,0.206896552,6.46E-05,0.566460681,0.261077532,1374,8092,23,141,0
0,0.0181926,0,0,0,0,0,0,0,0.000319787,0.103448276,0,0.00085034,6.34E-05,150,1298,1,19,0.206896552,6.46E-05,0.566460681,0.261077532,1374,8092,23,141,0
0,0,0,0,0,0,0,0,0,0.000314877,0.103448276,0,0.00085034,6.34E-05,150,1298,1,19,0.206896552,6.46E-05,0.523324852,0.223942253,1394,8082,21,129,0
0,0.00485937,0,0,0,0,0,0,0,0.002952301,0,0,0.019557823,0.000443487,383,1079,20,80,0,0.000387822,0.438914027,0.108013184,1358,5904,44,220,0
0,0,0,0,0,0,0,0,0,0.010314422,0,0,0.005466472,0.001203751,513,1071,4,9,0,6.46E-05,0.468920393,0.192155499,1481,5943,23,114,0
0,0,0,0,0,0,0,0,0,0.003094896,0,0,0.005466472,0.001203751,513,1071,4,9,0,0.000646371,0.45209651,0.08356202,1256,6062,12,64,0
0,0.206696,0,0,0.000617665,0,0,0.083333333,0,0.118500721,0.1,0.000258548,0.002308066,0.000823619,764,5380,8,93,0.1,0.000323185,0.81764207,0.369917815,2158,11953,36,243,0
0,0,0,0,0.000617665,0,0,0.125,0,0.176642192,0.1,0.000258548,0.002308066,0.000823619,764,5380,8,93,0.1,0.000517097,0.8144917,0.362177675,2240,12248,39,268,0
0,0.0107912,0,0,0.005507474,0,0,0,0,0.051819598,0.166666667,0.003490401,0.000728863,0.000126711,976,5290,3,57,0.166666667,0.003555038,0.460438628,0.198591121,2178,11965,23,167,0
0,0,0,0,0,0,0,0.125,0,0.190411356,0,0,0.005466472,0.001203751,513,1071,4,9,0.1,0.000323185,0.859081546,0.370917946,2377,13117,31,233,0
0,0,0,0,0,0,0,0,0,0.013470932,0,0,0.005466472,0.001203751,513,1071,4,9,0,0.000517097,0.788826423,0.331183681,2361,13166,15,130,0
0,0.0384841,0,0,0,0,0,0,0,0.011020539,0,0,0.005466472,0.001203751,513,1071,4,9,0.033333333,0,0.741132167,0.270907248,2271,13125,39,401,0
0,0.177426,0,0,0.00132903,0,0,0,0,0.000549355,0,6.46E-05,0.004980564,0.000950329,968,4872,19,105,0.1,0.000452459,0.841148673,0.375092403,2213,12483,36,244,0
0,0.0314076,0,0,0.00132903,0,0,0,0,0.000711812,0,6.46E-05,0.004980564,0.000950329,968,4872,19,105,0.1,0.000323185,0.837392463,0.383354351,2555,12719,38,246,0
0,0.0145668,0,0,0.00132903,0,0,0,0,0.000580192,0,6.46E-05,0.004980564,0.000950329,968,4872,19,105,0.1,0.000323185,0.81388586,0.359829543,2166,12825,42,268,0
0,0.0180656,0,0,0.001129093,0,0,0,0,0.001676811,0,6.46E-05,0.00085034,0.001393817,186,1639,1,17,0.166666667,0.004330683,0.946973537,0.493618551,2965,19048,5,148,0
0.0950995,0.146825,0,0,0.001129093,0,0,0,0,0.001492246,0,6.46E-05,0.00085034,0.001393817,186,1639,1,17,0,0.000323185,0.945148535,0.507370124,3008,18856,6,122,0
0,0,0,0,0.001717328,0,0,0,0,0.001031427,0,6.46E-05,0.002302193,0,251,2152,1,12,0.166666667,0.00374895,0.953665213,0.560354125,3021,19078,5,135,0
0,0.022286,0,0,0,0,0,0,0,0.000364572,0,6.46E-05,0.00085034,0.001393817,186,1639,1,17,0.166666667,0.004330683,0.946973537,0.493618551,2965,19048,5,148,0
0,0.0322971,0,0,0,0,0,0,0,0.000427913,0,6.46E-05,0.00085034,0.001393817,186,1639,1,17,0,0.000323185,0.945148535,0.507370124,3008,18856,6,122,0
0,0,0,0,0,0,0,0,0,0.000474595,0,6.46E-05,0.002302193,0,251,2152,1,12,0.166666667,0.00374895,0.953665213,0.560354125,3021,19078,5,135,0
0,0,0,0,0.004366323,0,0,0.04,0,0.069693926,0.166666667,0.003490401,0.000728863,0.000126711,976,5290,3,57,0.166666667,0.003942861,0.937645747,0.42836599,3360,18929,15,199,0
0,0.00175749,0,0,0.004366323,0,0,0.028571429,0,0.052231565,0.166666667,0.003490401,0.000728863,0.000126711,976,5290,3,57,0.166666667,0.004007498,0.94352631,0.523593385,3207,18723,4,135,0
0,0,0,0,0.004434098,0,0,0,0,0.034528229,0.1,0.000258548,0.002308066,0.000823619,764,5380,8,93,0.2,0.002520845,0.909662375,0.429804063,3633,18828,13,198,0
0.0622008,0,1,0,1,0,0,0.166666667,0,0.231392668,0.166666667,0.003490401,0.000728863,0.000126711,976,5290,3,57,0.166666667,0.003555038,0.773395519,0.225103361,1235,11019,4,83,0
0.0533893,0.0172471,1,0,1,0,0,0.166666667,0,0.231392668,0.166666667,0.003490401,0.000728863,0.000126711,976,5290,3,57,0.166666667,0.003555038,0.773395519,0.225103361,1235,11019,4,83,0
0,0,1,0,1,0,0,0.166666667,0,0.231392668,0.166666667,0.003490401,0.000728863,0.000126711,976,5290,3,57,0.166666667,0.003555038,0.773395519,0.225103361,1235,11019,4,83,0
0,0.0581022,0,0,0.001162453,0,0,0,0,0.000360354,0,6.46E-05,0.00085034,0.001393817,186,1639,1,17,0,0.000258548,0.908648484,0.428545749,2801,13197,7,98,0
0.171615,0.0147752,0,0,0.001162453,0,0,0,0,0.00060059,0,6.46E-05,0.00085034,0.001393817,186,1639,1,17,0,0.000258548,0.908141539,0.427961532,2749,13127,5,96,0
0,0.0139188,0,0,0.001162453,0,0,0,0,0.00060059,0,6.46E-05,0.00085034,0.001393817,186,1639,1,17,0,0.000258548,0.908141539,0.427961532,2749,13127,5,96,0
0,0,0,0,0,0,0,0,0,0.002644776,0,0,0.001115279,8.99E-05,5,11,0,0,0.166666667,0.00549415,0.930244348,0.397177782,2730,16933,5,135,0
0,0.0828048,0,0,0,0,0,0,0,0.003332938,0,6.46E-05,0.000485909,0,40,64,0,0,0.166666667,0.00549415,0.930244348,0.398391156,2781,16985,5,130,0
0,0,0,0,0,0,0,0,0,0.009505901,0,0,0.000282805,0,4,5,0,0,0.1,0.000452459,0.862110748,0.402182893,2662,16887,32,239,0
0.224201,0,0,0,0.000139373,0,0,0,0,0.000961109,0,0.000193911,0.000364431,0,1529,7173,1,51,0.166666667,0.003684313,0.971915239,0.506426389,3547,20355,7,150,0
0.183058,0.0467544,0,0,0.000139373,0,0,0,0,0.000961109,0,0.000193911,0.000364431,0,1529,7173,1,51,0.166666667,0.003684313,0.971915239,0.506426389,3547,20355,7,150,0
0,0,0,0,0.000139373,0,0,0,0,0.000961109,0,0.000193911,0.000364431,0,1529,7173,1,51,0.166666667,0.003684313,0.971915239,0.506426389,3547,20355,7,150,0
0,0,0,0,0,0,0,0,0,0.002774056,0,0,0.000141403,0,51,95,0,1,0.1,0.000840282,0.956864171,0.705352872,4179,24671,50,385,0
0,0,0,0,0,0,0,0,0,0.002728336,0,0,0.000242336,0,1,2,0,0,0.1,0.000840282,0.957591179,0.701395834,4152,24724,50,381,0
0,0.0105067,0,0,0,0,0,0,0,0.002841345,0,0,0.000121168,0,1,1,0,0,0.1,0.000840282,0.960135708,0.704526677,4150,24739,50,383,0
0,0.0104767,0,0,0.371972699,0,0,0.066666667,0,0.136241482,0,0.000193911,0.000364431,0,1529,7173,1,51,0.166666667,0.00374895,0.98327081,0.585610282,3798,22507,8,162,0
0,0,0,0,0.371972699,0,0,0.066666667,0,0.136241482,0,0.000193911,0.000364431,0,1529,7173,1,51,0.166666667,0.00374895,0.98327081,0.585610282,3798,22507,8,162,0
0,0.0228018,0,0,0.371972699,0,0,0.055555556,0,0.113659063,0,0.000193911,0.000364431,0,1529,7173,1,51,0.166666667,0.00374895,0.98327081,0.585790041,3807,22529,8,162,0
0.0992529,0.0938767,0,0,0.000631712,0,0,0,0,0.00039567,0,0,0.005466472,0.001203751,513,1071,4,9,0.1,0.000452459,0.859202714,0.379788668,2631,14410,31,227,0
0,0.0435006,0,0,0.000631712,0,0,0,0,0.004580625,0,0,0.005466472,0.001203751,513,1071,4,9,0,0,0.640271493,0.183498136,2527,14381,47,416,0
0,0.0536975,0,0,0.000985804,0,0,0,0,0.000759871,0,0,0.1536411,0.037048311,310,1396,7,39,0.1,0.000517097,0.87010784,0.43775275,2529,14325,42,289,0
0,0,0,0,0.00169512,0,0,0,0,0.001180693,0,0.000193911,0.000364431,0,1529,7173,1,51,0.166666667,0.004007498,0.98539998,0.616438972,4068,23930,8,171,0
0,0,0,0,0.00169512,0,0,0,0,0.001686704,0,0.000193911,0.000364431,0,1529,7173,1,51,0.166666667,0.004007498,0.985197202,0.615630056,4054,23853,8,171,0
0,0.0174396,0,0,0.00169512,0,0,0,0,0.001031785,0,0.000193911,0.000364431,0,1529,7173,1,51,0,0.000387822,0.945959647,0.514560489,4093,24066,25,230,0
0,0.00100935,0,0,0,0,0,0,0,0.000894658,0,0,0.011152793,0,109,110,0,0,0.166666667,0.003878224,0.986718037,0.598597879,3999,23625,8,169,0
0,0.00304408,0,0,0,0,0,0,0,0.000851575,0,0,0.011152793,0,109,110,0,0,0.166666667,0.00374895,0.987326371,0.59419378,3958,23522,8,165,0
0,0.00533975,0,0,0,0,0,0,0,0.000914006,0,0,0.000405556,0.001572892,3,4,0,0,0.166666667,0.00374895,0.985501369,0.672344059,4062,23421,8,163,0
0,0.0141939,0,0,0,0,0,0,0,0.000308845,0,0,0.005466472,0.001203751,513,1071,4,9,0.1,0.000452459,0.911426148,0.482497717,2987,17110,41,278,0
0,0.017877,0,0,0,0,0,0,0,0.000168461,0,0,0.005466472,0.001203751,513,1071,4,9,0.1,0.000452459,0.911426148,0.482541201,2992,17121,41,278,0
0,0.0354249,0,0,0,0,0,0,0,0.000311121,0,0,0.005466472,0.001203751,513,1071,4,9,0.1,0.000452459,0.89446262,0.433621777,2866,16991,38,287,0
0,0.00549837,0,0,0.000631712,0,0,0,0,0.000580491,0,0,0.005466472,0.001203751,513,1071,4,9,0.1,0.000323185,0.825517993,0.352089403,2290,11479,31,208,0
0,0.0238866,0,0,0.000631712,0,0,0,0,0.000580491,0,0,0.005466472,0.001203751,513,1071,4,9,0.1,0.000323185,0.822852296,0.348828108,2271,11383,31,207,0
0,0.0814064,0,0,0.000631712,0,0,0,0,0.000593771,0,0,0.005466472,0.001203751,513,1071,4,9,0.1,0.000323185,0.825881498,0.350480497,2283,11519,31,207,0
0.0826651,0.0677712,0,0,0.000542446,0,0,0.022727273,0,0.032460173,0,0,0.000242336,0,7,8,0,0,0.8,0.347618124,0.849872774,0.30860547,5213,32609,58,393,0
0,0.0781822,0,0,0.003254211,0,0,0.002906977,0,0.005165992,0.033333333,0,0.177599611,0.020907248,102,1560,7,60,0.433333333,0.027082929,0.909863946,0.542448049,5328,32549,90,885,0
0.0642866,0.0144816,0,0,0.003754358,0,0,0.009615385,0,0.01404386,0,0.000129274,0.004119714,0,21,62,0,2,0.6,0.052356021,0.985906925,0.65378393,5369,29851,26,310,0
0,0.0219812,0,0,0.005507474,0,0,0,0,0.011604127,0.166666667,0.003490401,0.000728863,0.000126711,976,5290,3,57,0.166666667,0.003684313,0.972118017,0.506516268,3800,22268,10,167,0
0,0,0,0,0.005507474,0,0,0,0,0.008048538,0.166666667,0.003490401,0.000728863,0.000126711,976,5290,3,57,0.166666667,0.00374895,0.980938862,0.583363293,3856,22454,8,175,0
0,0.0138112,0,0,0.005507474,0,0,0,0,0.009574307,0.166666667,0.003490401,0.000728863,0.000126711,976,5290,3,57,0.166666667,0.003942861,0.978606915,0.54502966,3852,22490,7,162,0
0,0,0,0,0,0,0,0,0,0.000665614,0.033333333,0,0.00085034,0,197,519,5,22,0.033333333,0.000258548,0.823481699,0.329498472,1985,13421,7,99,0
0,0.0435729,0,0,0,0,0,0,0,0.000680838,0,0,0.002672498,0.000316776,123,458,0,8,0,0.000258548,0.82652337,0.338980766,1911,13360,2,85,0
0,0.0380413,0,0,0,0,0,0,0,0.000680838,0,0,0.002672498,0.000316776,123,458,0,8,0,0.000258548,0.82652337,0.338980766,1911,13360,2,85,0
0,0.0176878,0,0,0.003270111,0,0,0,0,0.000998114,0,0.000452459,0.015306122,0.003167765,241,434,7,22,0,0.000711008,0.93004157,0.440364911,3063,17651,12,127,0
0,0.011177,0,0,0.030178326,0,0,0,0,0.017388004,0.2,0.005752699,0.003401361,0.000760264,215,402,2,13,0.466666667,0.048542434,0.930142959,0.396503685,3174,17810,9,158,0
0,0.0106907,0,0,0,0,0,0,0,0.000166645,0,0,0.001579203,0.000443487,230,325,0,0,0.1,0.000323185,0.930813038,0.525503327,2990,17854,38,306,0
0,0.0301549,0,0,0,0,0,0,0,0.000193512,0,0,0.000101389,0,1,1,0,0,0,0.000193911,0.887863733,0.369090419,2615,12398,4,82,0
0,0.157435,0,0,0,0,0,0,0,0.002275384,0,0,0.001115279,0.000179759,11,11,0,0,0.166666667,0.003684313,0.900334584,0.395964408,2516,12474,4,108,0
0,0.0624348,0,0,0,0,0,0,0,0.002275384,0,0,0.001115279,0.000179759,11,11,0,0,0.166666667,0.003684313,0.900334584,0.395964408,2516,12474,4,108,0
0,0,0,0,0,0,0,0,0,3.96E-05,0,0,0.000117123,0,1,1,0,0,0,0.000258548,0.640313891,0.200375046,1382,7210,9,96,0
0,0.00777299,0,0,0,0,0,0,0,0.00038669,0,0,0.000242954,0,21,31,0,0,0,0.000258548,0.60833919,0.107894255,1385,7243,6,66,0
0,0.0304128,0,0,0,0,0,0,0,7.24E-05,0,0,0.000819864,0.000823271,4,7,0,0,0,0.000323185,0.638439916,0.193788877,1375,7209,9,100,0
0,0.00884578,0,0,0,0,0,0,0,0.00143407,0,6.46E-05,0.009110787,0.000950329,363,3176,9,88,0.166666667,0.004007498,0.963601338,0.536311343,4156,21297,16,233,0
0,0,0,0,0,0,0,0,0,0.001327425,0,0.000323185,0.001214772,0.000316776,401,3307,6,27,0.166666667,0.004007498,0.964209673,0.515054827,3991,20877,13,166,0
0,0.0224145,0,0,0,0,0,0,0,0.000649435,0,0,0.000242336,0,477,2306,2,52,0,0.000323185,0.945148535,0.50826892,3485,21162,8,174,0
0,0.0186132,0,0,0,0,0,0,0,0.003495512,0,0,0.000242954,6.34E-05,138,687,2,6,0.1,0.005688062,0.826652089,0.454891029,4105,23245,56,543,0
0,0,0,0,0,0,0,0,0,0.000549989,0,0,0.000242954,6.34E-05,91,287,0,3,0.166666667,0.004136772,0.991483322,0.780424232,4670,23252,9,178,0
0,0.0133474,0,0,0,0,0,0,0,0.000590094,0,0,0.089425124,0.085160884,257,886,0,1,0.166666667,0.004136772,0.991280543,0.774177602,4579,22965,9,175,0
